feature,importance,category
term_norm,32.67866968555162,genre_text
n_tracks,14.731355272348955,numeric
n_genres,13.14749719779959,numeric
year_known_ratio,7.550709171302215,numeric
year_mean,4.543257117505992,numeric
duration_mean,0.7547395267171138,numeric
Std_Acc5_Std_Mem20_PeakRatio_Chroma_G#_Power_powerFFT_WinHamming_HopSize512_WinSize512_Sum_AudioCh0,0.7080127620854219,audio:marsyas
Std_Acc5_Std_Mem20_PeakRatio_Chroma_A#_Power_powerFFT_WinHamming_HopSize512_WinSize512_Sum_AudioCh0,0.6815152084586233,audio:marsyas
Area_Method_of_Moments_Overall_Standard_Deviation_2,0.6563351529658648,audio:Area_MoM
LPC_Overall_Average_4,0.5677286144537296,audio:LPC
Std_Acc5_Mean_Mem20_PeakRatio_Chroma_F#_Power_powerFFT_WinHamming_HopSize512_WinSize512_Sum_AudioCh0,0.5644879788369642,audio:marsyas
MFCC_Overall_Standard_Deviation_1,0.46358147921429016,audio:MFCC_simple
LPC_Overall_Average_2,0.41485807977084405,audio:LPC
Fraction_Of_Low_Energy_Windows_Overall_Average_1,0.4145576644476062,audio:lowlevel
Std_Acc5_Mean_Mem20_PeakRatio_Chroma_G#_Power_powerFFT_WinHamming_HopSize512_WinSize512_Sum_AudioCh0,0.4124134455402197,audio:marsyas
Mean_Acc5_Std_Mem20_Flux_Power_powerFFT_WinHamming_HopSize512_WinSize512_Sum_AudioCh0,0.4015661538500824,audio:marsyas
Std_Acc5_Mean_Mem20_Flux_Power_powerFFT_WinHamming_HopSize512_WinSize512_Sum_AudioCh0,0.3986902958869488,audio:marsyas
Std_Acc5_Mean_Mem20_PeakRatio_Chroma_B_Power_powerFFT_WinHamming_HopSize512_WinSize512_Sum_AudioCh0,0.39402014248134287,audio:marsyas
MFCC_Overall_Average_4,0.3851813972096757,audio:MFCC_simple
Fraction_Of_Low_Energy_Windows_Overall_Standard_Deviation_1,0.354695331328425,audio:lowlevel
Area_Method_of_Moments_Overall_Average_1,0.35242245906661174,audio:Area_MoM
LPC_Overall_Standard_Deviation_5,0.34372107680414166,audio:LPC
Std_Acc5_Mean_Mem20_PeakRatio_Chroma_E_Power_powerFFT_WinHamming_HopSize512_WinSize512_Sum_AudioCh0,0.34225559428928637,audio:marsyas
LPC_Overall_Average_3,0.3405758999054908,audio:LPC
Compactness_Overall_Standard_Deviation_1,0.33834890450971467,audio:lowlevel
LPC_Overall_Standard_Deviation_4,0.3379066680963552,audio:LPC
Std_Acc5_Std_Mem20_PeakRatio_Chroma_C_Power_powerFFT_WinHamming_HopSize512_WinSize512_Sum_AudioCh0,0.3372434681955394,audio:marsyas
Mean_Acc5_Mean_Mem20_PeakRatio_Chroma_C_Power_powerFFT_WinHamming_HopSize512_WinSize512_Sum_AudioCh0,0.3147502511101633,audio:marsyas
MFCC_Overall_Average_10,0.3022022239908294,audio:MFCC_simple
Area_Method_of_Moments_Overall_Average_4,0.28699422160595056,audio:Area_MoM
Spectral_Flux_Overall_Average_1,0.28631590659720557,audio:lowlevel
Mean_Acc5_Std_Mem20_PeakRatio_Average_Chroma_A_Power_powerFFT_WinHamming_HopSize512_WinSize512_Sum_AudioCh0,0.28442842788342737,audio:marsyas
Std_Acc5_Std_Mem20_Centroid_Power_powerFFT_WinHamming_HopSize512_WinSize512_Sum_AudioCh0,0.28366414060876166,audio:marsyas
LPC_Overall_Average_8,0.27961776350749334,audio:LPC
Std_Acc5_Std_Mem20_Flux_Power_powerFFT_WinHamming_HopSize512_WinSize512_Sum_AudioCh0,0.27897500591688923,audio:marsyas
Compactness_Overall_Average_1,0.2781370871916796,audio:lowlevel
Area_Method_of_Moments_Overall_Average_2,0.26673961952394193,audio:Area_MoM
Std_Acc5_Std_Mem20_Rolloff_Power_powerFFT_WinHamming_HopSize512_WinSize512_Sum_AudioCh0,0.2661308832054167,audio:marsyas
MFCC_Overall_Average_6,0.2654835264987847,audio:MFCC_simple
MFCC_Overall_Average_12,0.26514713033778486,audio:MFCC_simple
Area_Method_of_Moments_Overall_Standard_Deviation_4,0.2529438076833744,audio:Area_MoM
Std_Acc5_Mean_Mem20_PeakRatio_Chroma_F_Power_powerFFT_WinHamming_HopSize512_WinSize512_Sum_AudioCh0,0.25081583601663676,audio:marsyas
Std_Acc5_Std_Mem20_PeakRatio_Chroma_A_Power_powerFFT_WinHamming_HopSize512_WinSize512_Sum_AudioCh0,0.25050391911000314,audio:marsyas
MFCC_Overall_Average_3,0.2443287703348498,audio:MFCC_simple
LPC_Overall_Average_7,0.24212243472740086,audio:LPC
Mean_Acc5_Mean_Mem20_PeakRatio_Chroma_A#_Power_powerFFT_WinHamming_HopSize512_WinSize512_Sum_AudioCh0,0.23827882815065304,audio:marsyas
MFCC_Overall_Average_11,0.22890454359586104,audio:MFCC_simple
Spectral_Flux_Overall_Standard_Deviation_1,0.2258762407735644,audio:lowlevel
Area_Method_of_Moments_Overall_Standard_Deviation_7,0.22169199096432537,audio:Area_MoM
MFCC_Overall_Standard_Deviation_7,0.22098944920007577,audio:MFCC_simple
LPC_Overall_Standard_Deviation_9,0.2207665822194326,audio:LPC
MFCC_Overall_Standard_Deviation_5,0.21188090654149577,audio:MFCC_simple
LPC_Overall_Standard_Deviation_8,0.2115363026024611,audio:LPC
LPC_Overall_Standard_Deviation_6,0.20665873788556083,audio:LPC
Area_Method_of_Moments_Overall_Standard_Deviation_1,0.20655904625371663,audio:Area_MoM
LPC_Overall_Average_5,0.205099934726837,audio:LPC
MFCC_Overall_Average_13,0.20127108237609267,audio:MFCC_simple
LPC_Overall_Standard_Deviation_1,0.19926723666030188,audio:LPC
Std_Acc5_Std_Mem20_ZeroCrossings_HopSize512_WinSize512_Sum_AudioCh0,0.1992008191479478,audio:marsyas
MFCC_Overall_Standard_Deviation_3,0.1934316707662849,audio:MFCC_simple
MFCC_Overall_Standard_Deviation_2,0.1912070697206293,audio:MFCC_simple
Area_Method_of_Moments_Overall_Average_7,0.18894374658552074,audio:Area_MoM
Std_Acc5_Mean_Mem20_PeakRatio_Chroma_A#_Power_powerFFT_WinHamming_HopSize512_WinSize512_Sum_AudioCh0,0.18570291113880202,audio:marsyas
Mean_Acc5_Mean_Mem20_PeakRatio_Average_Chroma_A_Power_powerFFT_WinHamming_HopSize512_WinSize512_Sum_AudioCh0,0.1798357739374856,audio:marsyas
Mean_Acc5_Mean_Mem20_Flux_Power_powerFFT_WinHamming_HopSize512_WinSize512_Sum_AudioCh0,0.1784922528870667,audio:marsyas
MFCC_Overall_Average_8,0.17737982322541745,audio:MFCC_simple
Std_Acc5_Std_Mem20_PeakRatio_Chroma_D_Power_powerFFT_WinHamming_HopSize512_WinSize512_Sum_AudioCh0,0.17487743868126418,audio:marsyas
MFCC_Overall_Standard_Deviation_11,0.17314717360256818,audio:MFCC_simple
Std_Acc5_Mean_Mem20_Centroid_Power_powerFFT_WinHamming_HopSize512_WinSize512_Sum_AudioCh0,0.17004600911707157,audio:marsyas
LPC_Overall_Standard_Deviation_2,0.16676503660416836,audio:LPC
Std_Acc5_Mean_Mem20_PeakRatio_Chroma_G_Power_powerFFT_WinHamming_HopSize512_WinSize512_Sum_AudioCh0,0.16289358363862663,audio:marsyas
Std_Acc5_Mean_Mem20_Rolloff_Power_powerFFT_WinHamming_HopSize512_WinSize512_Sum_AudioCh0,0.16078478747185534,audio:marsyas
Spectral_Centroid_Overall_Average_1,0.15875927820611532,audio:lowlevel
Mean_Acc5_Mean_Mem20_PeakRatio_Minimum_Chroma_A_Power_powerFFT_WinHamming_HopSize512_WinSize512_Sum_AudioCh0,0.15633446163092138,audio:marsyas
Std_Acc5_Mean_Mem20_PeakRatio_Chroma_A_Power_powerFFT_WinHamming_HopSize512_WinSize512_Sum_AudioCh0,0.15545485155348157,audio:marsyas
LPC_Overall_Standard_Deviation_7,0.15425885546142912,audio:LPC
Std_Acc5_Mean_Mem20_PeakRatio_Chroma_C_Power_powerFFT_WinHamming_HopSize512_WinSize512_Sum_AudioCh0,0.15198753578489096,audio:marsyas
MFCC_Overall_Standard_Deviation_6,0.14809742252864283,audio:MFCC_simple
LPC_Overall_Average_1,0.147690087801577,audio:LPC
MFCC_Overall_Average_5,0.14617399600066328,audio:MFCC_simple
MFCC_Overall_Average_7,0.14598823222848356,audio:MFCC_simple
Mean_Acc5_Mean_Mem20_Centroid_Power_powerFFT_WinHamming_HopSize512_WinSize512_Sum_AudioCh0,0.1449623490571673,audio:marsyas
Std_Acc5_Mean_Mem20_ZeroCrossings_HopSize512_WinSize512_Sum_AudioCh0,0.14096759201092574,audio:marsyas
Std_Acc5_Std_Mem20_PeakRatio_Chroma_D#_Power_powerFFT_WinHamming_HopSize512_WinSize512_Sum_AudioCh0,0.1408209743628233,audio:marsyas
Spectral_Rolloff_Point_Overall_Average_1,0.13421709987189095,audio:lowlevel
MFCC_Overall_Average_1,0.13306759517024128,audio:MFCC_simple
Std_Acc5_Std_Mem20_PeakRatio_Average_Chroma_A_Power_powerFFT_WinHamming_HopSize512_WinSize512_Sum_AudioCh0,0.13282031868208807,audio:marsyas
Spectral_Centroid_Overall_Standard_Deviation_1,0.12852111937653557,audio:lowlevel
Mean_Acc5_Std_Mem20_Rolloff_Power_powerFFT_WinHamming_HopSize512_WinSize512_Sum_AudioCh0,0.12624104084580173,audio:marsyas
Std_Acc5_Std_Mem20_PeakRatio_Chroma_G_Power_powerFFT_WinHamming_HopSize512_WinSize512_Sum_AudioCh0,0.12363372740353659,audio:marsyas
Std_Acc5_Std_Mem20_PeakRatio_Chroma_B_Power_powerFFT_WinHamming_HopSize512_WinSize512_Sum_AudioCh0,0.12279139562070318,audio:marsyas
Spectral_Rolloff_Point_Overall_Standard_Deviation_1,0.12240560233413803,audio:lowlevel
Mean_Acc5_Std_Mem20_ZeroCrossings_HopSize512_WinSize512_Sum_AudioCh0,0.11995015440950078,audio:marsyas
LPC_Overall_Average_6,0.11943423979652915,audio:LPC
MFCC_Overall_Average_9,0.11914476477235614,audio:MFCC_simple
MFCC_Overall_Standard_Deviation_10,0.11450769105189805,audio:MFCC_simple
Mean_Acc5_Std_Mem20_PeakRatio_Chroma_D#_Power_powerFFT_WinHamming_HopSize512_WinSize512_Sum_AudioCh0,0.11080444715553268,audio:marsyas
LPC_Overall_Standard_Deviation_3,0.10957056304440048,audio:LPC
MFCC_Overall_Standard_Deviation_9,0.10867698402748927,audio:MFCC_simple
Std_Acc5_Std_Mem20_PeakRatio_Chroma_C#_Power_powerFFT_WinHamming_HopSize512_WinSize512_Sum_AudioCh0,0.1078579850356804,audio:marsyas
Mean_Acc5_Mean_Mem20_ZeroCrossings_HopSize512_WinSize512_Sum_AudioCh0,0.10536795566060375,audio:marsyas
Std_Acc5_Mean_Mem20_PeakRatio_Chroma_D#_Power_powerFFT_WinHamming_HopSize512_WinSize512_Sum_AudioCh0,0.10434221564105074,audio:marsyas
Root_Mean_Square_Overall_Average_1,0.10091340228894628,audio:lowlevel
Mean_Acc5_Std_Mem20_PeakRatio_Minimum_Chroma_A_Power_powerFFT_WinHamming_HopSize512_WinSize512_Sum_AudioCh0,0.10036689524531758,audio:marsyas
Mean_Acc5_Std_Mem20_Centroid_Power_powerFFT_WinHamming_HopSize512_WinSize512_Sum_AudioCh0,0.09591747723264624,audio:marsyas
Std_Acc5_Mean_Mem20_PeakRatio_Average_Chroma_A_Power_powerFFT_WinHamming_HopSize512_WinSize512_Sum_AudioCh0,0.09514120634124335,audio:marsyas
Std_Acc5_Std_Mem20_PeakRatio_Minimum_Chroma_A_Power_powerFFT_WinHamming_HopSize512_WinSize512_Sum_AudioCh0,0.09366848635815857,audio:marsyas
Area_Method_of_Moments_Overall_Average_5,0.09171304011502925,audio:Area_MoM
Mean_Acc5_Std_Mem20_PeakRatio_Chroma_F_Power_powerFFT_WinHamming_HopSize512_WinSize512_Sum_AudioCh0,0.09114928929794605,audio:marsyas
MFCC_Overall_Standard_Deviation_13,0.09103985579535759,audio:MFCC_simple
Mean_Acc5_Std_Mem20_PeakRatio_Chroma_F#_Power_powerFFT_WinHamming_HopSize512_WinSize512_Sum_AudioCh0,0.09035492960452235,audio:marsyas
Root_Mean_Square_Overall_Standard_Deviation_1,0.08863202770165603,audio:lowlevel
Mean_Acc5_Mean_Mem20_PeakRatio_Chroma_F_Power_powerFFT_WinHamming_HopSize512_WinSize512_Sum_AudioCh0,0.08815808310410764,audio:marsyas
MFCC_Overall_Standard_Deviation_4,0.08569777741245288,audio:MFCC_simple
Mean_Acc5_Mean_Mem20_PeakRatio_Chroma_G#_Power_powerFFT_WinHamming_HopSize512_WinSize512_Sum_AudioCh0,0.08541178486662879,audio:marsyas
Mean_Acc5_Std_Mem20_PeakRatio_Chroma_G#_Power_powerFFT_WinHamming_HopSize512_WinSize512_Sum_AudioCh0,0.08380232343129443,audio:marsyas
Area_Method_of_Moments_Overall_Standard_Deviation_6,0.08256616726022743,audio:Area_MoM
MFCC_Overall_Standard_Deviation_8,0.08236683917753439,audio:MFCC_simple
Mean_Acc5_Mean_Mem20_PeakRatio_Chroma_D_Power_powerFFT_WinHamming_HopSize512_WinSize512_Sum_AudioCh0,0.07425043467600105,audio:marsyas
LPC_Overall_Average_9,0.07255403239411058,audio:LPC
Mean_Acc5_Std_Mem20_PeakRatio_Chroma_B_Power_powerFFT_WinHamming_HopSize512_WinSize512_Sum_AudioCh0,0.07212735185677047,audio:marsyas
Std_Acc5_Mean_Mem20_PeakRatio_Minimum_Chroma_A_Power_powerFFT_WinHamming_HopSize512_WinSize512_Sum_AudioCh0,0.07131984764228719,audio:marsyas
Zero_Crossings_Overall_Average_1,0.06993933339899326,audio:lowlevel
Area_Method_of_Moments_Overall_Standard_Deviation_8,0.06835193812509041,audio:Area_MoM
MFCC_Overall_Standard_Deviation_12,0.06394570640557394,audio:MFCC_simple
Area_Method_of_Moments_Overall_Average_9,0.06291331590139339,audio:Area_MoM
Area_Method_of_Moments_Overall_Average_8,0.06246693889585128,audio:Area_MoM
Mean_Acc5_Mean_Mem20_PeakRatio_Chroma_G_Power_powerFFT_WinHamming_HopSize512_WinSize512_Sum_AudioCh0,0.06200337094580392,audio:marsyas
Mean_Acc5_Std_Mem20_PeakRatio_Chroma_D_Power_powerFFT_WinHamming_HopSize512_WinSize512_Sum_AudioCh0,0.06121278771197632,audio:marsyas
Area_Method_of_Moments_Overall_Standard_Deviation_10,0.06111274809851777,audio:Area_MoM
Spectral_Variability_Overall_Standard_Deviation_1,0.05773576721055069,audio:lowlevel
Mean_Acc5_Std_Mem20_PeakRatio_Chroma_E_Power_powerFFT_WinHamming_HopSize512_WinSize512_Sum_AudioCh0,0.05700025009140666,audio:marsyas
Std_Acc5_Std_Mem20_PeakRatio_Chroma_F#_Power_powerFFT_WinHamming_HopSize512_WinSize512_Sum_AudioCh0,0.05692315737850134,audio:marsyas
Zero_Crossings_Overall_Standard_Deviation_1,0.05315455407490853,audio:lowlevel
Mean_Acc5_Std_Mem20_PeakRatio_Chroma_C_Power_powerFFT_WinHamming_HopSize512_WinSize512_Sum_AudioCh0,0.048816002305659016,audio:marsyas
Mean_Acc5_Mean_Mem20_Rolloff_Power_powerFFT_WinHamming_HopSize512_WinSize512_Sum_AudioCh0,0.045582344406560116,audio:marsyas
Std_Acc5_Mean_Mem20_PeakRatio_Chroma_C#_Power_powerFFT_WinHamming_HopSize512_WinSize512_Sum_AudioCh0,0.043787816159285266,audio:marsyas
Mean_Acc5_Std_Mem20_PeakRatio_Chroma_A#_Power_powerFFT_WinHamming_HopSize512_WinSize512_Sum_AudioCh0,0.043021335051990295,audio:marsyas
Mean_Acc5_Std_Mem20_PeakRatio_Chroma_G_Power_powerFFT_WinHamming_HopSize512_WinSize512_Sum_AudioCh0,0.04179432619328591,audio:marsyas
Mean_Acc5_Std_Mem20_PeakRatio_Chroma_A_Power_powerFFT_WinHamming_HopSize512_WinSize512_Sum_AudioCh0,0.04035401305166709,audio:marsyas
Area_Method_of_Moments_Overall_Average_10,0.040236721628739626,audio:Area_MoM
Area_Method_of_Moments_Overall_Standard_Deviation_5,0.03998587482335802,audio:Area_MoM
Mean_Acc5_Mean_Mem20_PeakRatio_Chroma_A_Power_powerFFT_WinHamming_HopSize512_WinSize512_Sum_AudioCh0,0.03944040739158135,audio:marsyas
Area_Method_of_Moments_Overall_Average_6,0.03798806633011501,audio:Area_MoM
Mean_Acc5_Mean_Mem20_PeakRatio_Chroma_B_Power_powerFFT_WinHamming_HopSize512_WinSize512_Sum_AudioCh0,0.03792938134775006,audio:marsyas
MFCC_Overall_Average_2,0.036378103652031916,audio:MFCC_simple
Mean_Acc5_Mean_Mem20_PeakRatio_Chroma_D#_Power_powerFFT_WinHamming_HopSize512_WinSize512_Sum_AudioCh0,0.03529573704260914,audio:marsyas
Spectral_Variability_Overall_Average_1,0.03486423969026595,audio:lowlevel
Std_Acc5_Std_Mem20_PeakRatio_Chroma_F_Power_powerFFT_WinHamming_HopSize512_WinSize512_Sum_AudioCh0,0.03281499419763639,audio:marsyas
Mean_Acc5_Mean_Mem20_PeakRatio_Chroma_C#_Power_powerFFT_WinHamming_HopSize512_WinSize512_Sum_AudioCh0,0.03155370509897871,audio:marsyas
Area_Method_of_Moments_Overall_Average_3,0.030558588577769812,audio:Area_MoM
Std_Acc5_Mean_Mem20_PeakRatio_Chroma_D_Power_powerFFT_WinHamming_HopSize512_WinSize512_Sum_AudioCh0,0.02867753011805034,audio:marsyas
Mean_Acc5_Mean_Mem20_PeakRatio_Chroma_F#_Power_powerFFT_WinHamming_HopSize512_WinSize512_Sum_AudioCh0,0.019793174489076613,audio:marsyas
Std_Acc5_Std_Mem20_PeakRatio_Chroma_E_Power_powerFFT_WinHamming_HopSize512_WinSize512_Sum_AudioCh0,0.01852106029562611,audio:marsyas
Area_Method_of_Moments_Overall_Standard_Deviation_9,0.016815118348542962,audio:Area_MoM
Mean_Acc5_Mean_Mem20_PeakRatio_Chroma_E_Power_powerFFT_WinHamming_HopSize512_WinSize512_Sum_AudioCh0,0.016170982333956394,audio:marsyas
Area_Method_of_Moments_Overall_Standard_Deviation_3,0.013723137949303629,audio:Area_MoM
Mean_Acc5_Std_Mem20_PeakRatio_Chroma_C#_Power_powerFFT_WinHamming_HopSize512_WinSize512_Sum_AudioCh0,0.0,audio:marsyas
