iter,n_remaining,max_vif,dropped
1,152,9446716.983310971,Area_Method_of_Moments_Overall_Standard_Deviation_5
2,151,2062484.927213311,Area_Method_of_Moments_Overall_Standard_Deviation_7
3,150,1889302.022618473,Area_Method_of_Moments_Overall_Average_6
4,149,484436.24542099505,Area_Method_of_Moments_Overall_Standard_Deviation_9
5,148,144422.9451280102,Area_Method_of_Moments_Overall_Average_8
6,147,111205.15018587314,Area_Method_of_Moments_Overall_Average_4
7,146,15780.945881128764,Mean_Acc5_Std_Mem20_PeakRatio_Chroma_E_Power_powerFFT_WinHamming_HopSize512_WinSize512_Sum_AudioCh0
8,145,13974.13458892187,Area_Method_of_Moments_Overall_Standard_Deviation_8
9,144,10662.205883042496,Mean_Acc5_Std_Mem20_PeakRatio_Chroma_F#_Power_powerFFT_WinHamming_HopSize512_WinSize512_Sum_AudioCh0
10,143,10082.283781708444,Mean_Acc5_Std_Mem20_PeakRatio_Chroma_D_Power_powerFFT_WinHamming_HopSize512_WinSize512_Sum_AudioCh0
11,142,10027.26143524335,Area_Method_of_Moments_Overall_Average_9
12,141,9588.164066190435,Mean_Acc5_Std_Mem20_PeakRatio_Chroma_G#_Power_powerFFT_WinHamming_HopSize512_WinSize512_Sum_AudioCh0
13,140,9484.595369318326,Area_Method_of_Moments_Overall_Average_2
14,139,7867.849567753135,Mean_Acc5_Std_Mem20_PeakRatio_Minimum_Chroma_A_Power_powerFFT_WinHamming_HopSize512_WinSize512_Sum_AudioCh0
15,138,6944.116745571765,Mean_Acc5_Std_Mem20_PeakRatio_Chroma_C_Power_powerFFT_WinHamming_HopSize512_WinSize512_Sum_AudioCh0
16,137,5885.934893403384,Mean_Acc5_Mean_Mem20_PeakRatio_Chroma_D#_Power_powerFFT_WinHamming_HopSize512_WinSize512_Sum_AudioCh0
17,136,5271.763183724403,Mean_Acc5_Std_Mem20_PeakRatio_Chroma_A#_Power_powerFFT_WinHamming_HopSize512_WinSize512_Sum_AudioCh0
18,135,5042.41972902481,Mean_Acc5_Mean_Mem20_PeakRatio_Chroma_F_Power_powerFFT_WinHamming_HopSize512_WinSize512_Sum_AudioCh0
19,134,3956.9942645117417,Mean_Acc5_Mean_Mem20_PeakRatio_Chroma_G_Power_powerFFT_WinHamming_HopSize512_WinSize512_Sum_AudioCh0
20,133,3575.797997209215,Mean_Acc5_Mean_Mem20_PeakRatio_Chroma_C#_Power_powerFFT_WinHamming_HopSize512_WinSize512_Sum_AudioCh0
21,132,3086.4452009557576,Root_Mean_Square_Overall_Average_1
22,131,2795.800214429694,Mean_Acc5_Mean_Mem20_PeakRatio_Chroma_A_Power_powerFFT_WinHamming_HopSize512_WinSize512_Sum_AudioCh0
23,130,2262.9807232812936,Mean_Acc5_Std_Mem20_PeakRatio_Chroma_D#_Power_powerFFT_WinHamming_HopSize512_WinSize512_Sum_AudioCh0
24,129,2121.6027553401623,Mean_Acc5_Mean_Mem20_PeakRatio_Chroma_B_Power_powerFFT_WinHamming_HopSize512_WinSize512_Sum_AudioCh0
25,128,1613.3757395008477,Area_Method_of_Moments_Overall_Standard_Deviation_10
26,127,1516.2255259193994,Mean_Acc5_Std_Mem20_PeakRatio_Chroma_G_Power_powerFFT_WinHamming_HopSize512_WinSize512_Sum_AudioCh0
27,126,1372.8411352230753,Std_Acc5_Std_Mem20_PeakRatio_Chroma_D#_Power_powerFFT_WinHamming_HopSize512_WinSize512_Sum_AudioCh0
28,125,974.3913121154668,Std_Acc5_Std_Mem20_PeakRatio_Chroma_F#_Power_powerFFT_WinHamming_HopSize512_WinSize512_Sum_AudioCh0
29,124,904.5712297685537,Mean_Acc5_Std_Mem20_PeakRatio_Chroma_C#_Power_powerFFT_WinHamming_HopSize512_WinSize512_Sum_AudioCh0
30,123,835.5031469548774,Mean_Acc5_Mean_Mem20_PeakRatio_Chroma_G#_Power_powerFFT_WinHamming_HopSize512_WinSize512_Sum_AudioCh0
31,122,796.3952680210986,Mean_Acc5_Mean_Mem20_PeakRatio_Chroma_E_Power_powerFFT_WinHamming_HopSize512_WinSize512_Sum_AudioCh0
32,121,731.278014730162,Std_Acc5_Std_Mem20_PeakRatio_Chroma_G#_Power_powerFFT_WinHamming_HopSize512_WinSize512_Sum_AudioCh0
33,120,713.8455006348654,Area_Method_of_Moments_Overall_Average_5
34,119,687.8302309033729,Std_Acc5_Std_Mem20_PeakRatio_Chroma_F_Power_powerFFT_WinHamming_HopSize512_WinSize512_Sum_AudioCh0
35,118,683.3557608051841,Std_Acc5_Std_Mem20_PeakRatio_Chroma_C_Power_powerFFT_WinHamming_HopSize512_WinSize512_Sum_AudioCh0
36,117,580.4579493942222,Std_Acc5_Mean_Mem20_PeakRatio_Minimum_Chroma_A_Power_powerFFT_WinHamming_HopSize512_WinSize512_Sum_AudioCh0
37,116,575.1885950561889,Mean_Acc5_Mean_Mem20_PeakRatio_Chroma_C_Power_powerFFT_WinHamming_HopSize512_WinSize512_Sum_AudioCh0
38,115,561.5884306369151,Std_Acc5_Mean_Mem20_PeakRatio_Chroma_D_Power_powerFFT_WinHamming_HopSize512_WinSize512_Sum_AudioCh0
39,114,433.20749208755194,Std_Acc5_Std_Mem20_PeakRatio_Chroma_C#_Power_powerFFT_WinHamming_HopSize512_WinSize512_Sum_AudioCh0
40,113,425.064391191438,Std_Acc5_Std_Mem20_PeakRatio_Chroma_A#_Power_powerFFT_WinHamming_HopSize512_WinSize512_Sum_AudioCh0
41,112,359.35682235093157,Std_Acc5_Mean_Mem20_PeakRatio_Chroma_E_Power_powerFFT_WinHamming_HopSize512_WinSize512_Sum_AudioCh0
42,111,357.92159441355534,Area_Method_of_Moments_Overall_Standard_Deviation_3
43,110,334.5959464139918,Mean_Acc5_Std_Mem20_PeakRatio_Chroma_A_Power_powerFFT_WinHamming_HopSize512_WinSize512_Sum_AudioCh0
44,109,304.55541531324405,Std_Acc5_Mean_Mem20_PeakRatio_Chroma_F#_Power_powerFFT_WinHamming_HopSize512_WinSize512_Sum_AudioCh0
45,108,267.0905481970629,Zero_Crossings_Overall_Average_1
46,107,257.5267732903084,Spectral_Variability_Overall_Standard_Deviation_1
47,106,255.85819623989414,Area_Method_of_Moments_Overall_Standard_Deviation_4
48,105,253.6559652256351,Std_Acc5_Std_Mem20_PeakRatio_Chroma_G_Power_powerFFT_WinHamming_HopSize512_WinSize512_Sum_AudioCh0
49,104,239.94804615835028,Mean_Acc5_Mean_Mem20_PeakRatio_Chroma_F#_Power_powerFFT_WinHamming_HopSize512_WinSize512_Sum_AudioCh0
50,103,197.80200900395144,Std_Acc5_Std_Mem20_PeakRatio_Chroma_D_Power_powerFFT_WinHamming_HopSize512_WinSize512_Sum_AudioCh0
51,102,186.8308664303524,Std_Acc5_Mean_Mem20_PeakRatio_Chroma_C_Power_powerFFT_WinHamming_HopSize512_WinSize512_Sum_AudioCh0
52,101,175.07235996250137,Mean_Acc5_Std_Mem20_ZeroCrossings_HopSize512_WinSize512_Sum_AudioCh0
53,100,174.59102257187516,Std_Acc5_Mean_Mem20_PeakRatio_Chroma_D#_Power_powerFFT_WinHamming_HopSize512_WinSize512_Sum_AudioCh0
54,99,165.48645332663529,Std_Acc5_Mean_Mem20_PeakRatio_Chroma_A#_Power_powerFFT_WinHamming_HopSize512_WinSize512_Sum_AudioCh0
55,98,152.79685148949952,Std_Acc5_Mean_Mem20_PeakRatio_Chroma_G#_Power_powerFFT_WinHamming_HopSize512_WinSize512_Sum_AudioCh0
56,97,140.99467254888194,Spectral_Centroid_Overall_Standard_Deviation_1
57,96,138.33589002215473,Mean_Acc5_Mean_Mem20_PeakRatio_Chroma_D_Power_powerFFT_WinHamming_HopSize512_WinSize512_Sum_AudioCh0
58,95,117.85273273188083,Spectral_Rolloff_Point_Overall_Average_1
59,94,103.48967924149547,Std_Acc5_Std_Mem20_PeakRatio_Chroma_A_Power_powerFFT_WinHamming_HopSize512_WinSize512_Sum_AudioCh0
60,93,95.60181411952209,Area_Method_of_Moments_Overall_Standard_Deviation_6
61,92,91.50688199606167,Std_Acc5_Mean_Mem20_PeakRatio_Chroma_C#_Power_powerFFT_WinHamming_HopSize512_WinSize512_Sum_AudioCh0
62,91,88.90301091652897,Zero_Crossings_Overall_Standard_Deviation_1
63,90,87.95741490582395,Spectral_Variability_Overall_Average_1
64,89,82.7880660310052,Mean_Acc5_Std_Mem20_PeakRatio_Chroma_B_Power_powerFFT_WinHamming_HopSize512_WinSize512_Sum_AudioCh0
65,88,77.44450347996305,Std_Acc5_Mean_Mem20_PeakRatio_Chroma_G_Power_powerFFT_WinHamming_HopSize512_WinSize512_Sum_AudioCh0
66,87,52.38650531841777,Std_Acc5_Mean_Mem20_PeakRatio_Chroma_B_Power_powerFFT_WinHamming_HopSize512_WinSize512_Sum_AudioCh0
67,86,50.226429824935124,MFCC_Overall_Average_1
68,85,48.79234883029497,Mean_Acc5_Mean_Mem20_ZeroCrossings_HopSize512_WinSize512_Sum_AudioCh0
69,84,42.65581512952931,Area_Method_of_Moments_Overall_Average_3
70,83,38.618411821817254,LPC_Overall_Average_3
71,82,38.382844212233216,Std_Acc5_Std_Mem20_PeakRatio_Chroma_E_Power_powerFFT_WinHamming_HopSize512_WinSize512_Sum_AudioCh0
72,81,35.600680708014316,Std_Acc5_Mean_Mem20_PeakRatio_Chroma_A_Power_powerFFT_WinHamming_HopSize512_WinSize512_Sum_AudioCh0
73,80,32.83399274616707,Std_Acc5_Std_Mem20_Centroid_Power_powerFFT_WinHamming_HopSize512_WinSize512_Sum_AudioCh0
74,79,31.832500953380766,Spectral_Flux_Overall_Average_1
75,78,30.860343782875685,Spectral_Rolloff_Point_Overall_Standard_Deviation_1
76,77,25.628146039594654,LPC_Overall_Average_2
77,76,24.560395962036605,Mean_Acc5_Mean_Mem20_Centroid_Power_powerFFT_WinHamming_HopSize512_WinSize512_Sum_AudioCh0
78,75,24.073126726376966,Std_Acc5_Mean_Mem20_Flux_Power_powerFFT_WinHamming_HopSize512_WinSize512_Sum_AudioCh0
79,74,21.205492229826344,Mean_Acc5_Mean_Mem20_PeakRatio_Average_Chroma_A_Power_powerFFT_WinHamming_HopSize512_WinSize512_Sum_AudioCh0
80,73,21.12566277548425,LPC_Overall_Average_5
81,72,20.5922106645616,Root_Mean_Square_Overall_Standard_Deviation_1
82,71,19.160822106690613,LPC_Overall_Standard_Deviation_7
83,70,18.900697683381544,Mean_Acc5_Std_Mem20_Rolloff_Power_powerFFT_WinHamming_HopSize512_WinSize512_Sum_AudioCh0
84,69,17.94967401634192,Mean_Acc5_Std_Mem20_Flux_Power_powerFFT_WinHamming_HopSize512_WinSize512_Sum_AudioCh0
85,68,17.154956530932562,Mean_Acc5_Mean_Mem20_PeakRatio_Minimum_Chroma_A_Power_powerFFT_WinHamming_HopSize512_WinSize512_Sum_AudioCh0
86,67,15.366505814157689,LPC_Overall_Average_9
87,66,14.114719939036206,Spectral_Flux_Overall_Standard_Deviation_1
88,65,13.32235455371906,MFCC_Overall_Average_2
89,64,12.830280387844441,LPC_Overall_Standard_Deviation_1
90,63,12.282264481538737,Mean_Acc5_Mean_Mem20_PeakRatio_Chroma_A#_Power_powerFFT_WinHamming_HopSize512_WinSize512_Sum_AudioCh0
91,62,11.272748946903661,LPC_Overall_Average_4
92,61,9.655381715101466,
