feature,coef,abs_coef
Root_Mean_Square_Overall_Average_1,-0.08053288343800971,0.08053288343800971
Spectral_Variability_Overall_Average_1,0.06986023097256437,0.06986023097256437
Mean_Acc5_Std_Mem20_PeakRatio_Chroma_A_Power_powerFFT_WinHamming_HopSize512_WinSize512_Sum_AudioCh0,-0.0665999400360304,0.0665999400360304
Area_Method_of_Moments_Overall_Standard_Deviation_5,0.04840197744966188,0.04840197744966188
Mean_Acc5_Mean_Mem20_PeakRatio_Chroma_F#_Power_powerFFT_WinHamming_HopSize512_WinSize512_Sum_AudioCh0,-0.048179708730162696,0.048179708730162696
Mean_Acc5_Mean_Mem20_PeakRatio_Chroma_F_Power_powerFFT_WinHamming_HopSize512_WinSize512_Sum_AudioCh0,0.04641092406970891,0.04641092406970891
Mean_Acc5_Std_Mem20_PeakRatio_Chroma_F#_Power_powerFFT_WinHamming_HopSize512_WinSize512_Sum_AudioCh0,0.04615256927882608,0.04615256927882608
Area_Method_of_Moments_Overall_Average_8,-0.04190966602300342,0.04190966602300342
Mean_Acc5_Std_Mem20_PeakRatio_Chroma_G#_Power_powerFFT_WinHamming_HopSize512_WinSize512_Sum_AudioCh0,0.041888328371424075,0.041888328371424075
Mean_Acc5_Std_Mem20_PeakRatio_Chroma_A#_Power_powerFFT_WinHamming_HopSize512_WinSize512_Sum_AudioCh0,0.03889089785745894,0.03889089785745894
Area_Method_of_Moments_Overall_Standard_Deviation_9,-0.03593232384776869,0.03593232384776869
Mean_Acc5_Mean_Mem20_PeakRatio_Chroma_G#_Power_powerFFT_WinHamming_HopSize512_WinSize512_Sum_AudioCh0,0.03524424284301453,0.03524424284301453
Area_Method_of_Moments_Overall_Average_6,-0.032449933894849466,0.032449933894849466
Mean_Acc5_Mean_Mem20_PeakRatio_Chroma_D_Power_powerFFT_WinHamming_HopSize512_WinSize512_Sum_AudioCh0,0.032161198937356555,0.032161198937356555
Std_Acc5_Std_Mem20_PeakRatio_Minimum_Chroma_A_Power_powerFFT_WinHamming_HopSize512_WinSize512_Sum_AudioCh0,0.031503490107132055,0.031503490107132055
Mean_Acc5_Mean_Mem20_PeakRatio_Chroma_B_Power_powerFFT_WinHamming_HopSize512_WinSize512_Sum_AudioCh0,-0.030715840045132337,0.030715840045132337
Mean_Acc5_Std_Mem20_ZeroCrossings_HopSize512_WinSize512_Sum_AudioCh0,-0.029886409500161623,0.029886409500161623
Mean_Acc5_Std_Mem20_PeakRatio_Chroma_D_Power_powerFFT_WinHamming_HopSize512_WinSize512_Sum_AudioCh0,-0.028819623316304777,0.028819623316304777
Mean_Acc5_Std_Mem20_PeakRatio_Minimum_Chroma_A_Power_powerFFT_WinHamming_HopSize512_WinSize512_Sum_AudioCh0,-0.028424731860770693,0.028424731860770693
Area_Method_of_Moments_Overall_Average_1,0.027522322454373943,0.027522322454373943
Root_Mean_Square_Overall_Standard_Deviation_1,-0.026022915287409423,0.026022915287409423
genre_pop,0.02374404790981878,0.02374404790981878
Spectral_Variability_Overall_Standard_Deviation_1,0.02338037877407491,0.02338037877407491
Mean_Acc5_Std_Mem20_Centroid_Power_powerFFT_WinHamming_HopSize512_WinSize512_Sum_AudioCh0,0.02278508341562527,0.02278508341562527
Mean_Acc5_Std_Mem20_PeakRatio_Chroma_F_Power_powerFFT_WinHamming_HopSize512_WinSize512_Sum_AudioCh0,-0.020875070578222688,0.020875070578222688
genre_alternative,0.020370480268768486,0.020370480268768486
Mean_Acc5_Mean_Mem20_PeakRatio_Chroma_C_Power_powerFFT_WinHamming_HopSize512_WinSize512_Sum_AudioCh0,0.020277261232057073,0.020277261232057073
Mean_Acc5_Mean_Mem20_PeakRatio_Chroma_D#_Power_powerFFT_WinHamming_HopSize512_WinSize512_Sum_AudioCh0,-0.020070277544246146,0.020070277544246146
Area_Method_of_Moments_Overall_Standard_Deviation_4,0.01995393340036144,0.01995393340036144
year_known_ratio,0.019039821219549752,0.019039821219549752
Std_Acc5_Mean_Mem20_PeakRatio_Chroma_C_Power_powerFFT_WinHamming_HopSize512_WinSize512_Sum_AudioCh0,-0.01844898127167033,0.01844898127167033
Mean_Acc5_Mean_Mem20_PeakRatio_Chroma_G_Power_powerFFT_WinHamming_HopSize512_WinSize512_Sum_AudioCh0,-0.017979330870748433,0.017979330870748433
MFCC_Overall_Average_1,-0.016703984194475406,0.016703984194475406
Area_Method_of_Moments_Overall_Average_7,-0.01610153463092193,0.01610153463092193
Std_Acc5_Std_Mem20_PeakRatio_Chroma_A#_Power_powerFFT_WinHamming_HopSize512_WinSize512_Sum_AudioCh0,-0.01608230951082191,0.01608230951082191
genre_rock,0.015970971035835002,0.015970971035835002
genre_electronica,0.0158703361559087,0.0158703361559087
Area_Method_of_Moments_Overall_Standard_Deviation_2,-0.015209124114402187,0.015209124114402187
Std_Acc5_Std_Mem20_PeakRatio_Chroma_A_Power_powerFFT_WinHamming_HopSize512_WinSize512_Sum_AudioCh0,0.015180325841378668,0.015180325841378668
Std_Acc5_Std_Mem20_PeakRatio_Chroma_B_Power_powerFFT_WinHamming_HopSize512_WinSize512_Sum_AudioCh0,0.01494385241319826,0.01494385241319826
genre_alternative rock,-0.014748757638506717,0.014748757638506717
Mean_Acc5_Mean_Mem20_PeakRatio_Chroma_A_Power_powerFFT_WinHamming_HopSize512_WinSize512_Sum_AudioCh0,-0.014262455731375759,0.014262455731375759
Mean_Acc5_Std_Mem20_PeakRatio_Chroma_C_Power_powerFFT_WinHamming_HopSize512_WinSize512_Sum_AudioCh0,0.014092949596070839,0.014092949596070839
LPC_Overall_Average_1,-0.013259098907157204,0.013259098907157204
Mean_Acc5_Std_Mem20_PeakRatio_Chroma_G_Power_powerFFT_WinHamming_HopSize512_WinSize512_Sum_AudioCh0,-0.012946870348619618,0.012946870348619618
Mean_Acc5_Mean_Mem20_PeakRatio_Chroma_E_Power_powerFFT_WinHamming_HopSize512_WinSize512_Sum_AudioCh0,-0.012612350394147293,0.012612350394147293
Std_Acc5_Mean_Mem20_PeakRatio_Chroma_D#_Power_powerFFT_WinHamming_HopSize512_WinSize512_Sum_AudioCh0,0.012501099873467383,0.012501099873467383
Mean_Acc5_Mean_Mem20_PeakRatio_Chroma_A#_Power_powerFFT_WinHamming_HopSize512_WinSize512_Sum_AudioCh0,0.012242120598438808,0.012242120598438808
genre_folk,0.012020919689451098,0.012020919689451098
genre_world,-0.011158959317664762,0.011158959317664762
Spectral_Flux_Overall_Average_1,-0.0108339831261198,0.0108339831261198
genre_synthpop,-0.010623797525817266,0.010623797525817266
genre_american,0.010405464560473157,0.010405464560473157
Std_Acc5_Mean_Mem20_PeakRatio_Minimum_Chroma_A_Power_powerFFT_WinHamming_HopSize512_WinSize512_Sum_AudioCh0,-0.010224414457283457,0.010224414457283457
Std_Acc5_Mean_Mem20_PeakRatio_Chroma_B_Power_powerFFT_WinHamming_HopSize512_WinSize512_Sum_AudioCh0,0.009959738321234118,0.009959738321234118
Spectral_Flux_Overall_Standard_Deviation_1,0.009774944757660609,0.009774944757660609
Area_Method_of_Moments_Overall_Average_4,0.009750336759346818,0.009750336759346818
genre_house,-0.009221288084057595,0.009221288084057595
Std_Acc5_Mean_Mem20_PeakRatio_Chroma_E_Power_powerFFT_WinHamming_HopSize512_WinSize512_Sum_AudioCh0,-0.009156838041651016,0.009156838041651016
Mean_Acc5_Mean_Mem20_ZeroCrossings_HopSize512_WinSize512_Sum_AudioCh0,0.009070147387587674,0.009070147387587674
genre_soul,0.009001881643241082,0.009001881643241082
Std_Acc5_Std_Mem20_PeakRatio_Chroma_C_Power_powerFFT_WinHamming_HopSize512_WinSize512_Sum_AudioCh0,-0.008878982230456203,0.008878982230456203
Area_Method_of_Moments_Overall_Average_2,0.008448866408838823,0.008448866408838823
Area_Method_of_Moments_Overall_Standard_Deviation_3,-0.008033570120519355,0.008033570120519355
genre_punk,0.007852163575398013,0.007852163575398013
genre_indie,0.007517990774995317,0.007517990774995317
Std_Acc5_Std_Mem20_PeakRatio_Chroma_D#_Power_powerFFT_WinHamming_HopSize512_WinSize512_Sum_AudioCh0,0.007497924963669163,0.007497924963669163
Mean_Acc5_Mean_Mem20_PeakRatio_Average_Chroma_A_Power_powerFFT_WinHamming_HopSize512_WinSize512_Sum_AudioCh0,-0.007283185184144919,0.007283185184144919
Mean_Acc5_Mean_Mem20_PeakRatio_Minimum_Chroma_A_Power_powerFFT_WinHamming_HopSize512_WinSize512_Sum_AudioCh0,0.007247413815467098,0.007247413815467098
Std_Acc5_Mean_Mem20_PeakRatio_Chroma_G_Power_powerFFT_WinHamming_HopSize512_WinSize512_Sum_AudioCh0,0.007175893167839606,0.007175893167839606
Std_Acc5_Std_Mem20_PeakRatio_Chroma_G#_Power_powerFFT_WinHamming_HopSize512_WinSize512_Sum_AudioCh0,-0.006913462929832574,0.006913462929832574
Area_Method_of_Moments_Overall_Standard_Deviation_7,0.0068865870561026,0.0068865870561026
Mean_Acc5_Mean_Mem20_PeakRatio_Chroma_C#_Power_powerFFT_WinHamming_HopSize512_WinSize512_Sum_AudioCh0,-0.006846428704758337,0.006846428704758337
Mean_Acc5_Std_Mem20_PeakRatio_Chroma_D#_Power_powerFFT_WinHamming_HopSize512_WinSize512_Sum_AudioCh0,0.006711117997302216,0.006711117997302216
Spectral_Rolloff_Point_Overall_Standard_Deviation_1,0.006664720472024377,0.006664720472024377
Area_Method_of_Moments_Overall_Average_10,0.006636406848960845,0.006636406848960845
LPC_Overall_Average_4,0.006473188819272842,0.006473188819272842
Spectral_Rolloff_Point_Overall_Average_1,0.006373432495576495,0.006373432495576495
genre_germany,0.006262538067499743,0.006262538067499743
Area_Method_of_Moments_Overall_Standard_Deviation_1,0.006232553460923315,0.006232553460923315
genre_hardcore,0.006194640345289167,0.006194640345289167
genre_funk,0.006085727391986422,0.006085727391986422
Std_Acc5_Mean_Mem20_PeakRatio_Chroma_F_Power_powerFFT_WinHamming_HopSize512_WinSize512_Sum_AudioCh0,-0.006057433657085512,0.006057433657085512
LPC_Overall_Average_3,0.005793352759870307,0.005793352759870307
Std_Acc5_Std_Mem20_PeakRatio_Chroma_C#_Power_powerFFT_WinHamming_HopSize512_WinSize512_Sum_AudioCh0,0.0057080293022290386,0.0057080293022290386
Spectral_Centroid_Overall_Average_1,-0.005702997877897353,0.005702997877897353
Mean_Acc5_Std_Mem20_PeakRatio_Chroma_E_Power_powerFFT_WinHamming_HopSize512_WinSize512_Sum_AudioCh0,-0.005547775404269664,0.005547775404269664
Area_Method_of_Moments_Overall_Standard_Deviation_10,-0.00548913944090537,0.00548913944090537
MFCC_Overall_Average_2,-0.005442725896815832,0.005442725896815832
Std_Acc5_Std_Mem20_PeakRatio_Chroma_F_Power_powerFFT_WinHamming_HopSize512_WinSize512_Sum_AudioCh0,-0.00536249066893282,0.00536249066893282
LPC_Overall_Standard_Deviation_1,-0.005000373761332021,0.005000373761332021
Area_Method_of_Moments_Overall_Standard_Deviation_8,0.004984802453396281,0.004984802453396281
genre_indie rock,-0.004903438963942193,0.004903438963942193
genre_united states,-0.004897600361278426,0.004897600361278426
Std_Acc5_Std_Mem20_PeakRatio_Chroma_E_Power_powerFFT_WinHamming_HopSize512_WinSize512_Sum_AudioCh0,0.004843638999702681,0.004843638999702681
Std_Acc5_Mean_Mem20_PeakRatio_Chroma_F#_Power_powerFFT_WinHamming_HopSize512_WinSize512_Sum_AudioCh0,0.0048144353181599625,0.0048144353181599625
Mean_Acc5_Std_Mem20_PeakRatio_Chroma_C#_Power_powerFFT_WinHamming_HopSize512_WinSize512_Sum_AudioCh0,-0.004805489824197484,0.004805489824197484
Mean_Acc5_Std_Mem20_PeakRatio_Chroma_B_Power_powerFFT_WinHamming_HopSize512_WinSize512_Sum_AudioCh0,-0.004772054469121434,0.004772054469121434
genre_jazz,0.004613594449003989,0.004613594449003989
Mean_Acc5_Mean_Mem20_Centroid_Power_powerFFT_WinHamming_HopSize512_WinSize512_Sum_AudioCh0,-0.004605328288076787,0.004605328288076787
Std_Acc5_Mean_Mem20_ZeroCrossings_HopSize512_WinSize512_Sum_AudioCh0,-0.004604868407752122,0.004604868407752122
Std_Acc5_Mean_Mem20_PeakRatio_Chroma_D_Power_powerFFT_WinHamming_HopSize512_WinSize512_Sum_AudioCh0,-0.0045519351264717706,0.0045519351264717706
LPC_Overall_Average_9,0.004511110697641152,0.004511110697641152
Std_Acc5_Std_Mem20_ZeroCrossings_HopSize512_WinSize512_Sum_AudioCh0,0.004472474015005987,0.004472474015005987
LPC_Overall_Average_2,0.004424186742683786,0.004424186742683786
genre_ambient,0.0044240695266100916,0.0044240695266100916
Area_Method_of_Moments_Overall_Average_9,-0.004286408996854861,0.004286408996854861
Std_Acc5_Mean_Mem20_PeakRatio_Average_Chroma_A_Power_powerFFT_WinHamming_HopSize512_WinSize512_Sum_AudioCh0,0.004251476395717962,0.004251476395717962
Std_Acc5_Std_Mem20_Centroid_Power_powerFFT_WinHamming_HopSize512_WinSize512_Sum_AudioCh0,0.004204633581359865,0.004204633581359865
Std_Acc5_Std_Mem20_PeakRatio_Average_Chroma_A_Power_powerFFT_WinHamming_HopSize512_WinSize512_Sum_AudioCh0,-0.004161814794254065,0.004161814794254065
MFCC_Overall_Standard_Deviation_2,-0.004158497537327166,0.004158497537327166
LPC_Overall_Standard_Deviation_7,-0.003974733569377595,0.003974733569377595
Area_Method_of_Moments_Overall_Average_3,0.0037569142089428145,0.0037569142089428145
Spectral_Centroid_Overall_Standard_Deviation_1,0.003738912570896147,0.003738912570896147
Mean_Acc5_Mean_Mem20_Rolloff_Power_powerFFT_WinHamming_HopSize512_WinSize512_Sum_AudioCh0,-0.0036261216308690267,0.0036261216308690267
Std_Acc5_Mean_Mem20_PeakRatio_Chroma_G#_Power_powerFFT_WinHamming_HopSize512_WinSize512_Sum_AudioCh0,-0.003327589936586786,0.003327589936586786
genre_pop rock,-0.0032975917827070336,0.0032975917827070336
LPC_Overall_Average_6,0.00312044430353069,0.00312044430353069
Std_Acc5_Mean_Mem20_PeakRatio_Chroma_C#_Power_powerFFT_WinHamming_HopSize512_WinSize512_Sum_AudioCh0,0.0028326809994768665,0.0028326809994768665
LPC_Overall_Standard_Deviation_5,0.002776353512552704,0.002776353512552704
MFCC_Overall_Standard_Deviation_1,0.002767514430895318,0.002767514430895318
genre_techno,0.0027566549480847677,0.0027566549480847677
LPC_Overall_Average_5,0.0027470353893799954,0.0027470353893799954
genre_blues,0.0026829659161304448,0.0026829659161304448
genre_hip hop,0.0026763050954045978,0.0026763050954045978
MFCC_Overall_Standard_Deviation_13,0.00260994148957306,0.00260994148957306
Mean_Acc5_Std_Mem20_Rolloff_Power_powerFFT_WinHamming_HopSize512_WinSize512_Sum_AudioCh0,0.002559842527706885,0.002559842527706885
Std_Acc5_Mean_Mem20_PeakRatio_Chroma_A_Power_powerFFT_WinHamming_HopSize512_WinSize512_Sum_AudioCh0,0.002391103348644924,0.002391103348644924
LPC_Overall_Standard_Deviation_6,-0.002360291237625836,0.002360291237625836
Std_Acc5_Std_Mem20_PeakRatio_Chroma_D_Power_powerFFT_WinHamming_HopSize512_WinSize512_Sum_AudioCh0,-0.0022482903947635136,0.0022482903947635136
MFCC_Overall_Standard_Deviation_10,-0.0022158287150696315,0.0022158287150696315
genre_trance,-0.0021433041783681557,0.0021433041783681557
LPC_Overall_Standard_Deviation_9,0.001978696644411443,0.001978696644411443
Std_Acc5_Std_Mem20_Rolloff_Power_powerFFT_WinHamming_HopSize512_WinSize512_Sum_AudioCh0,-0.0019521301594694063,0.0019521301594694063
LPC_Overall_Standard_Deviation_8,0.0018487722790259675,0.0018487722790259675
genre_experimental,0.0018054179207788491,0.0018054179207788491
genre_disco,0.0017128939493270302,0.0017128939493270302
genre_electronic,0.0016935746810227276,0.0016935746810227276
LPC_Overall_Average_8,-0.0016820447841433064,0.0016820447841433064
Std_Acc5_Mean_Mem20_Flux_Power_powerFFT_WinHamming_HopSize512_WinSize512_Sum_AudioCh0,-0.0016642147417764291,0.0016642147417764291
genre_downtempo,0.0015534204903795666,0.0015534204903795666
Std_Acc5_Mean_Mem20_PeakRatio_Chroma_A#_Power_powerFFT_WinHamming_HopSize512_WinSize512_Sum_AudioCh0,0.0015094107576644339,0.0015094107576644339
MFCC_Overall_Standard_Deviation_9,0.0014935539730015386,0.0014935539730015386
Std_Acc5_Std_Mem20_PeakRatio_Chroma_F#_Power_powerFFT_WinHamming_HopSize512_WinSize512_Sum_AudioCh0,-0.0014808730678437208,0.0014808730678437208
Std_Acc5_Mean_Mem20_Centroid_Power_powerFFT_WinHamming_HopSize512_WinSize512_Sum_AudioCh0,0.0014467142712358966,0.0014467142712358966
Area_Method_of_Moments_Overall_Average_5,-0.0013778486609996605,0.0013778486609996605
Zero_Crossings_Overall_Average_1,0.0013666461581937073,0.0013666461581937073
MFCC_Overall_Average_5,-0.0012783241150383512,0.0012783241150383512
LPC_Overall_Standard_Deviation_3,-0.0012515233162905051,0.0012515233162905051
MFCC_Overall_Average_9,-0.0012318181184006842,0.0012318181184006842
duration_mean,0.0012303646119040668,0.0012303646119040668
MFCC_Overall_Standard_Deviation_8,-0.0011780783261245327,0.0011780783261245327
MFCC_Overall_Standard_Deviation_11,-0.0009882094181153517,0.0009882094181153517
LPC_Overall_Standard_Deviation_4,0.0009408763737695225,0.0009408763737695225
LPC_Overall_Standard_Deviation_2,-0.0009255751452175208,0.0009255751452175208
Mean_Acc5_Std_Mem20_PeakRatio_Average_Chroma_A_Power_powerFFT_WinHamming_HopSize512_WinSize512_Sum_AudioCh0,0.000921466410533478,0.000921466410533478
year_mean,0.0008765364132052589,0.0008765364132052589
MFCC_Overall_Average_6,-0.000767447183027764,0.000767447183027764
MFCC_Overall_Average_8,-0.0007255750119871465,0.0007255750119871465
Area_Method_of_Moments_Overall_Standard_Deviation_6,0.0007096226536860159,0.0007096226536860159
Fraction_Of_Low_Energy_Windows_Overall_Standard_Deviation_1,-0.0006866219512776609,0.0006866219512776609
MFCC_Overall_Standard_Deviation_3,-0.0006301193323685825,0.0006301193323685825
MFCC_Overall_Standard_Deviation_4,0.000619551705847125,0.000619551705847125
Mean_Acc5_Mean_Mem20_Flux_Power_powerFFT_WinHamming_HopSize512_WinSize512_Sum_AudioCh0,0.0005396521123789549,0.0005396521123789549
MFCC_Overall_Average_4,-0.0005283285555313377,0.0005283285555313377
MFCC_Overall_Average_13,-0.0005170824036626054,0.0005170824036626054
MFCC_Overall_Standard_Deviation_7,-0.00045565378192909817,0.00045565378192909817
Fraction_Of_Low_Energy_Windows_Overall_Average_1,0.0004534766977373154,0.0004534766977373154
MFCC_Overall_Average_12,-0.0004445620216085022,0.0004445620216085022
Mean_Acc5_Std_Mem20_Flux_Power_powerFFT_WinHamming_HopSize512_WinSize512_Sum_AudioCh0,0.0003896109138945558,0.0003896109138945558
Std_Acc5_Std_Mem20_Flux_Power_powerFFT_WinHamming_HopSize512_WinSize512_Sum_AudioCh0,-0.00038092735248430876,0.00038092735248430876
MFCC_Overall_Standard_Deviation_6,0.00037512312909519785,0.00037512312909519785
Compactness_Overall_Average_1,-0.00030076087191523854,0.00030076087191523854
MFCC_Overall_Standard_Deviation_5,0.0002709608943463164,0.0002709608943463164
genre_electro,-0.0002707361645405103,0.0002707361645405103
Compactness_Overall_Standard_Deviation_1,0.00023621563545153657,0.00023621563545153657
Zero_Crossings_Overall_Standard_Deviation_1,-0.00015962204267903728,0.00015962204267903728
MFCC_Overall_Standard_Deviation_12,0.00015499570546924357,0.00015499570546924357
Std_Acc5_Mean_Mem20_Rolloff_Power_powerFFT_WinHamming_HopSize512_WinSize512_Sum_AudioCh0,-0.00015235989295439567,0.00015235989295439567
MFCC_Overall_Average_10,0.00013986130212528813,0.00013986130212528813
MFCC_Overall_Average_11,9.842161077462663e-05,9.842161077462663e-05
MFCC_Overall_Average_3,9.385029568199921e-05,9.385029568199921e-05
LPC_Overall_Average_7,-8.488290257682718e-05,8.488290257682718e-05
Std_Acc5_Std_Mem20_PeakRatio_Chroma_G_Power_powerFFT_WinHamming_HopSize512_WinSize512_Sum_AudioCh0,-7.401810656653546e-05,7.401810656653546e-05
MFCC_Overall_Average_7,1.2812139174270265e-05,1.2812139174270265e-05
