,vif
Area_Method_of_Moments_Overall_Standard_Deviation_5,9446716.983310971
Area_Method_of_Moments_Overall_Standard_Deviation_8,9265271.78487641
Area_Method_of_Moments_Overall_Average_5,8911571.91502605
Area_Method_of_Moments_Overall_Standard_Deviation_6,8708655.151359836
Area_Method_of_Moments_Overall_Average_8,8706948.583760768
Area_Method_of_Moments_Overall_Standard_Deviation_9,8568297.919515057
Area_Method_of_Moments_Overall_Average_6,8344944.753700638
Area_Method_of_Moments_Overall_Average_9,8200151.530923347
Area_Method_of_Moments_Overall_Standard_Deviation_7,2075646.3404333899
Area_Method_of_Moments_Overall_Average_7,2074644.6371743914
Area_Method_of_Moments_Overall_Average_4,1588674.172621641
Area_Method_of_Moments_Overall_Standard_Deviation_4,1584137.7314058854
Area_Method_of_Moments_Overall_Average_2,38340.2113916851
Area_Method_of_Moments_Overall_Standard_Deviation_2,37654.41083307203
Mean_Acc5_Std_Mem20_PeakRatio_Chroma_E_Power_powerFFT_WinHamming_HopSize512_WinSize512_Sum_AudioCh0,15783.232527276767
Mean_Acc5_Std_Mem20_PeakRatio_Chroma_F_Power_powerFFT_WinHamming_HopSize512_WinSize512_Sum_AudioCh0,13722.548123925779
Mean_Acc5_Std_Mem20_PeakRatio_Chroma_D#_Power_powerFFT_WinHamming_HopSize512_WinSize512_Sum_AudioCh0,13175.258324787732
Area_Method_of_Moments_Overall_Average_10,11854.956139070986
Area_Method_of_Moments_Overall_Standard_Deviation_10,11297.401588676174
Mean_Acc5_Std_Mem20_PeakRatio_Chroma_F#_Power_powerFFT_WinHamming_HopSize512_WinSize512_Sum_AudioCh0,11180.282544913784
Mean_Acc5_Std_Mem20_PeakRatio_Chroma_D_Power_powerFFT_WinHamming_HopSize512_WinSize512_Sum_AudioCh0,10684.608576188943
Mean_Acc5_Std_Mem20_PeakRatio_Chroma_G#_Power_powerFFT_WinHamming_HopSize512_WinSize512_Sum_AudioCh0,10102.555887574954
Mean_Acc5_Std_Mem20_PeakRatio_Chroma_G_Power_powerFFT_WinHamming_HopSize512_WinSize512_Sum_AudioCh0,9935.205527660244
Mean_Acc5_Std_Mem20_PeakRatio_Chroma_C#_Power_powerFFT_WinHamming_HopSize512_WinSize512_Sum_AudioCh0,8860.769952910245
Mean_Acc5_Mean_Mem20_PeakRatio_Chroma_D#_Power_powerFFT_WinHamming_HopSize512_WinSize512_Sum_AudioCh0,8372.165401825876
Mean_Acc5_Mean_Mem20_PeakRatio_Chroma_E_Power_powerFFT_WinHamming_HopSize512_WinSize512_Sum_AudioCh0,8332.881578504514
Mean_Acc5_Mean_Mem20_PeakRatio_Chroma_F_Power_powerFFT_WinHamming_HopSize512_WinSize512_Sum_AudioCh0,8025.622157776892
Mean_Acc5_Std_Mem20_PeakRatio_Chroma_A_Power_powerFFT_WinHamming_HopSize512_WinSize512_Sum_AudioCh0,7900.165510283982
Mean_Acc5_Std_Mem20_PeakRatio_Minimum_Chroma_A_Power_powerFFT_WinHamming_HopSize512_WinSize512_Sum_AudioCh0,7887.841902859515
Mean_Acc5_Mean_Mem20_PeakRatio_Chroma_G#_Power_powerFFT_WinHamming_HopSize512_WinSize512_Sum_AudioCh0,7845.622317854768
Mean_Acc5_Std_Mem20_PeakRatio_Chroma_C_Power_powerFFT_WinHamming_HopSize512_WinSize512_Sum_AudioCh0,7582.581605083445
Mean_Acc5_Mean_Mem20_PeakRatio_Chroma_D_Power_powerFFT_WinHamming_HopSize512_WinSize512_Sum_AudioCh0,7475.2088700566555
Mean_Acc5_Mean_Mem20_PeakRatio_Chroma_F#_Power_powerFFT_WinHamming_HopSize512_WinSize512_Sum_AudioCh0,7111.420411681685
Mean_Acc5_Mean_Mem20_PeakRatio_Chroma_G_Power_powerFFT_WinHamming_HopSize512_WinSize512_Sum_AudioCh0,6966.090476595289
Mean_Acc5_Mean_Mem20_PeakRatio_Chroma_C#_Power_powerFFT_WinHamming_HopSize512_WinSize512_Sum_AudioCh0,6526.237854249297
Mean_Acc5_Std_Mem20_PeakRatio_Chroma_B_Power_powerFFT_WinHamming_HopSize512_WinSize512_Sum_AudioCh0,6523.833634230905
Mean_Acc5_Mean_Mem20_PeakRatio_Chroma_A_Power_powerFFT_WinHamming_HopSize512_WinSize512_Sum_AudioCh0,6507.761357811149
Std_Acc5_Std_Mem20_PeakRatio_Minimum_Chroma_A_Power_powerFFT_WinHamming_HopSize512_WinSize512_Sum_AudioCh0,6311.81354862413
Mean_Acc5_Std_Mem20_PeakRatio_Chroma_A#_Power_powerFFT_WinHamming_HopSize512_WinSize512_Sum_AudioCh0,6203.947473711987
Mean_Acc5_Mean_Mem20_PeakRatio_Chroma_C_Power_powerFFT_WinHamming_HopSize512_WinSize512_Sum_AudioCh0,5997.477574214944
Mean_Acc5_Mean_Mem20_PeakRatio_Chroma_A#_Power_powerFFT_WinHamming_HopSize512_WinSize512_Sum_AudioCh0,5197.653869668248
Mean_Acc5_Mean_Mem20_PeakRatio_Chroma_B_Power_powerFFT_WinHamming_HopSize512_WinSize512_Sum_AudioCh0,4988.989971232381
Root_Mean_Square_Overall_Average_1,3109.700322828521
Spectral_Variability_Overall_Average_1,2661.5434775338304
Std_Acc5_Std_Mem20_PeakRatio_Chroma_D#_Power_powerFFT_WinHamming_HopSize512_WinSize512_Sum_AudioCh0,2228.0760285732185
Std_Acc5_Std_Mem20_PeakRatio_Chroma_E_Power_powerFFT_WinHamming_HopSize512_WinSize512_Sum_AudioCh0,1800.8111728123106
Std_Acc5_Std_Mem20_PeakRatio_Chroma_F#_Power_powerFFT_WinHamming_HopSize512_WinSize512_Sum_AudioCh0,1558.1366189106623
Std_Acc5_Std_Mem20_PeakRatio_Chroma_F_Power_powerFFT_WinHamming_HopSize512_WinSize512_Sum_AudioCh0,1535.0402625541246
Std_Acc5_Mean_Mem20_PeakRatio_Chroma_D#_Power_powerFFT_WinHamming_HopSize512_WinSize512_Sum_AudioCh0,1452.16041297436
Std_Acc5_Std_Mem20_PeakRatio_Chroma_D_Power_powerFFT_WinHamming_HopSize512_WinSize512_Sum_AudioCh0,1434.8879979386913
Std_Acc5_Std_Mem20_PeakRatio_Chroma_G#_Power_powerFFT_WinHamming_HopSize512_WinSize512_Sum_AudioCh0,1277.2444964170643
Std_Acc5_Std_Mem20_PeakRatio_Chroma_G_Power_powerFFT_WinHamming_HopSize512_WinSize512_Sum_AudioCh0,1214.4772991107911
Std_Acc5_Std_Mem20_PeakRatio_Chroma_C#_Power_powerFFT_WinHamming_HopSize512_WinSize512_Sum_AudioCh0,1146.764782745102
Std_Acc5_Mean_Mem20_PeakRatio_Chroma_E_Power_powerFFT_WinHamming_HopSize512_WinSize512_Sum_AudioCh0,1121.0547329851993
Std_Acc5_Std_Mem20_PeakRatio_Chroma_C_Power_powerFFT_WinHamming_HopSize512_WinSize512_Sum_AudioCh0,1088.3195991349696
Std_Acc5_Std_Mem20_PeakRatio_Chroma_A_Power_powerFFT_WinHamming_HopSize512_WinSize512_Sum_AudioCh0,1029.2727798693231
Std_Acc5_Mean_Mem20_PeakRatio_Chroma_D_Power_powerFFT_WinHamming_HopSize512_WinSize512_Sum_AudioCh0,1015.3324076904637
Std_Acc5_Std_Mem20_PeakRatio_Chroma_B_Power_powerFFT_WinHamming_HopSize512_WinSize512_Sum_AudioCh0,977.6992779628489
Area_Method_of_Moments_Overall_Average_3,975.7276223030456
Std_Acc5_Mean_Mem20_PeakRatio_Chroma_F#_Power_powerFFT_WinHamming_HopSize512_WinSize512_Sum_AudioCh0,948.9607786892412
Std_Acc5_Mean_Mem20_PeakRatio_Chroma_F_Power_powerFFT_WinHamming_HopSize512_WinSize512_Sum_AudioCh0,938.6144713936759
Area_Method_of_Moments_Overall_Standard_Deviation_3,886.1950045575547
Std_Acc5_Mean_Mem20_PeakRatio_Chroma_C#_Power_powerFFT_WinHamming_HopSize512_WinSize512_Sum_AudioCh0,836.0042057526656
Std_Acc5_Mean_Mem20_PeakRatio_Chroma_C_Power_powerFFT_WinHamming_HopSize512_WinSize512_Sum_AudioCh0,804.2405100440774
Std_Acc5_Std_Mem20_PeakRatio_Chroma_A#_Power_powerFFT_WinHamming_HopSize512_WinSize512_Sum_AudioCh0,796.7854698220373
Std_Acc5_Mean_Mem20_PeakRatio_Chroma_G_Power_powerFFT_WinHamming_HopSize512_WinSize512_Sum_AudioCh0,765.6718221138191
Std_Acc5_Mean_Mem20_PeakRatio_Chroma_G#_Power_powerFFT_WinHamming_HopSize512_WinSize512_Sum_AudioCh0,751.9363117827618
Std_Acc5_Mean_Mem20_PeakRatio_Chroma_B_Power_powerFFT_WinHamming_HopSize512_WinSize512_Sum_AudioCh0,686.9275039065002
Std_Acc5_Mean_Mem20_PeakRatio_Minimum_Chroma_A_Power_powerFFT_WinHamming_HopSize512_WinSize512_Sum_AudioCh0,647.102241394949
Std_Acc5_Mean_Mem20_PeakRatio_Chroma_A_Power_powerFFT_WinHamming_HopSize512_WinSize512_Sum_AudioCh0,578.4343418004809
Std_Acc5_Mean_Mem20_PeakRatio_Chroma_A#_Power_powerFFT_WinHamming_HopSize512_WinSize512_Sum_AudioCh0,555.0545774416553
Spectral_Variability_Overall_Standard_Deviation_1,421.86635960665217
Root_Mean_Square_Overall_Standard_Deviation_1,320.0479504769201
Zero_Crossings_Overall_Average_1,282.0024320680229
Mean_Acc5_Std_Mem20_ZeroCrossings_HopSize512_WinSize512_Sum_AudioCh0,185.6510761752653
Spectral_Centroid_Overall_Average_1,185.22623000163003
Mean_Acc5_Std_Mem20_Centroid_Power_powerFFT_WinHamming_HopSize512_WinSize512_Sum_AudioCh0,179.70881261950186
Spectral_Centroid_Overall_Standard_Deviation_1,173.33237540254174
Zero_Crossings_Overall_Standard_Deviation_1,167.5127283037207
Area_Method_of_Moments_Overall_Average_1,165.03711985858658
Spectral_Rolloff_Point_Overall_Average_1,138.62984310047491
Spectral_Rolloff_Point_Overall_Standard_Deviation_1,94.67420480582726
MFCC_Overall_Average_1,77.62974619703773
Mean_Acc5_Mean_Mem20_ZeroCrossings_HopSize512_WinSize512_Sum_AudioCh0,75.29963127511147
LPC_Overall_Average_1,64.42345654468686
LPC_Overall_Average_3,61.175702906521025
Mean_Acc5_Mean_Mem20_PeakRatio_Minimum_Chroma_A_Power_powerFFT_WinHamming_HopSize512_WinSize512_Sum_AudioCh0,48.824483239531666
LPC_Overall_Standard_Deviation_1,47.10710921110813
Spectral_Flux_Overall_Average_1,42.49755460037057
Spectral_Flux_Overall_Standard_Deviation_1,40.596461579150954
Std_Acc5_Std_Mem20_Centroid_Power_powerFFT_WinHamming_HopSize512_WinSize512_Sum_AudioCh0,38.878086692507026
Mean_Acc5_Mean_Mem20_Centroid_Power_powerFFT_WinHamming_HopSize512_WinSize512_Sum_AudioCh0,38.337286101482405
Std_Acc5_Std_Mem20_ZeroCrossings_HopSize512_WinSize512_Sum_AudioCh0,37.447893359362865
LPC_Overall_Average_2,35.45153944890642
MFCC_Overall_Average_2,35.09400013772545
LPC_Overall_Average_4,32.72902793069738
LPC_Overall_Average_5,29.05982783458592
Mean_Acc5_Mean_Mem20_PeakRatio_Average_Chroma_A_Power_powerFFT_WinHamming_HopSize512_WinSize512_Sum_AudioCh0,28.095592902638845
Mean_Acc5_Std_Mem20_Rolloff_Power_powerFFT_WinHamming_HopSize512_WinSize512_Sum_AudioCh0,26.78349503062501
Std_Acc5_Mean_Mem20_Flux_Power_powerFFT_WinHamming_HopSize512_WinSize512_Sum_AudioCh0,25.912265273942968
Mean_Acc5_Std_Mem20_Flux_Power_powerFFT_WinHamming_HopSize512_WinSize512_Sum_AudioCh0,23.611290615644183
LPC_Overall_Average_9,22.844193483054532
LPC_Overall_Standard_Deviation_7,21.540342362708987
MFCC_Overall_Standard_Deviation_1,21.28424466039383
Mean_Acc5_Std_Mem20_PeakRatio_Average_Chroma_A_Power_powerFFT_WinHamming_HopSize512_WinSize512_Sum_AudioCh0,20.431264350342502
Std_Acc5_Std_Mem20_Flux_Power_powerFFT_WinHamming_HopSize512_WinSize512_Sum_AudioCh0,20.13743847917556
Mean_Acc5_Mean_Mem20_Rolloff_Power_powerFFT_WinHamming_HopSize512_WinSize512_Sum_AudioCh0,18.027603873094716
Mean_Acc5_Mean_Mem20_Flux_Power_powerFFT_WinHamming_HopSize512_WinSize512_Sum_AudioCh0,16.196038681669712
Std_Acc5_Mean_Mem20_ZeroCrossings_HopSize512_WinSize512_Sum_AudioCh0,15.287615417697046
LPC_Overall_Average_6,15.114177627842198
MFCC_Overall_Average_3,15.011032264851387
Area_Method_of_Moments_Overall_Standard_Deviation_1,14.784292990111364
LPC_Overall_Standard_Deviation_5,14.499800309878347
LPC_Overall_Standard_Deviation_2,14.334820056595413
Std_Acc5_Mean_Mem20_Centroid_Power_powerFFT_WinHamming_HopSize512_WinSize512_Sum_AudioCh0,13.835861393814385
Std_Acc5_Mean_Mem20_PeakRatio_Average_Chroma_A_Power_powerFFT_WinHamming_HopSize512_WinSize512_Sum_AudioCh0,13.112041645584972
LPC_Overall_Standard_Deviation_9,12.88170680515413
LPC_Overall_Average_7,11.832023753481662
LPC_Overall_Standard_Deviation_8,11.082267831450274
Std_Acc5_Std_Mem20_PeakRatio_Average_Chroma_A_Power_powerFFT_WinHamming_HopSize512_WinSize512_Sum_AudioCh0,11.056489379150767
LPC_Overall_Standard_Deviation_4,10.91953843118648
LPC_Overall_Standard_Deviation_3,10.148672127466318
MFCC_Overall_Standard_Deviation_12,8.336823283791455
MFCC_Overall_Standard_Deviation_9,8.14668927585698
MFCC_Overall_Standard_Deviation_10,8.028956430587659
MFCC_Overall_Standard_Deviation_13,7.780540579621432
LPC_Overall_Standard_Deviation_6,7.774305405635546
MFCC_Overall_Standard_Deviation_11,7.415270135470235
MFCC_Overall_Standard_Deviation_8,7.293019723317781
Std_Acc5_Mean_Mem20_Rolloff_Power_powerFFT_WinHamming_HopSize512_WinSize512_Sum_AudioCh0,7.27777529825494
Std_Acc5_Std_Mem20_Rolloff_Power_powerFFT_WinHamming_HopSize512_WinSize512_Sum_AudioCh0,7.263458596959806
MFCC_Overall_Standard_Deviation_7,7.206458161731659
MFCC_Overall_Standard_Deviation_2,6.967665808748837
MFCC_Overall_Standard_Deviation_5,6.904672184108811
MFCC_Overall_Average_4,6.796832233326095
LPC_Overall_Average_8,6.62589784667132
MFCC_Overall_Standard_Deviation_3,6.6108915915004465
MFCC_Overall_Standard_Deviation_6,6.097136331034319
MFCC_Overall_Standard_Deviation_4,5.887151219016848
MFCC_Overall_Average_5,4.866834582450997
Compactness_Overall_Average_1,4.756647284793347
MFCC_Overall_Average_6,3.805277886215719
Compactness_Overall_Standard_Deviation_1,3.215876315636308
MFCC_Overall_Average_8,3.1313865630780104
MFCC_Overall_Average_7,2.931807202574249
MFCC_Overall_Average_9,2.786123622196695
Fraction_Of_Low_Energy_Windows_Overall_Average_1,2.6317568024841744
Fraction_Of_Low_Energy_Windows_Overall_Standard_Deviation_1,2.3998188752900953
MFCC_Overall_Average_13,2.183868938243632
MFCC_Overall_Average_11,2.154844835459627
MFCC_Overall_Average_10,2.0900772609752654
MFCC_Overall_Average_12,2.0756225902290346
